contract,status,funded,split_sheet,split_mca,K_sheet,comm_pct_mca_now,feein_sheet,feein_mca_orig,paid_sheet_exJ,paid_pending_share,paid_cleared_share,feeout_sheet,feeout_mca_on_cleared,J_sheet,flag
5674176325,Closed,25000.0,0.01,0.01,0.05,0.05,22.5,22.5,365.0,365.0,365.0,14.6,14.6,,
5674176395,Closed,300000.0,0.01,0.01,0.12,0.12,480.0,480.0,4021.0,4021.0,4021.0,160.84,160.84,,
5674176472,Closed,27000.0,0.01,0.01,0.12,0.12,43.2,43.2,400.4,400.4,400.4,16.02,16.02,,
5674176486,Legal,30000.0,0.01,0.01,0.07,0.0,33.0,33.0,27.94,27.94,27.94,1.12,1.12,21.0,
5674176512,Closed,13000.0,0.01,0.01,0.05,0.01,11.7,11.7,154.17,154.15,154.15,6.17,6.17,9.71,
5674176567,Collections,6500.0,0.01,0.01,0.05,0.0,5.86,5.85,50.5,50.5,50.5,2.02,2.02,,COMM-K-DIFF-NO-J
5674176599,Closed,35000.0,0.01,0.01,0.08,0.08,42.0,42.0,521.5,521.5,521.5,20.86,20.86,,
5674176655,Closed,25000.0,0.01,0.01,0.1,0.1,35.0,35.0,367.5,367.5,367.5,14.7,14.7,,
5674176750,Lowered Payments,25000.0,0.01,0.01,0.1,0.1,35.0,35.0,80.05,80.06,79.56,3.2,3.18,,PENDING
5674176778,Closed,5000.0,0.01,0.01,0.05,0.05,4.5,4.5,75.0,75.0,75.0,3.0,3.0,,
5674176788,Closed,100000.0,0.01,0.01,0.05,0.05,90.0,90.0,1520.01,1520.0,1550.0,60.8,62.0,,PENDING
5674176951,Legal,7000.0,0.01,0.01,0.05,0.05,6.29,6.3,59.01,59.0,59.0,2.36,2.36,,
5674177231,Closed,35000.0,0.01,0.01,0.1,0.1,49.0,49.0,505.0,505.0,505.0,20.2,20.2,,
5674177273,Closed,16000.0,0.01,0.01,0.12,0.12,25.6,25.6,235.19,235.2,235.2,9.41,9.41,,
5674177327,Closed,50000.0,0.01,0.01,0.12,0.12,80.0,80.0,735.0,735.0,735.0,29.4,29.4,,
5674177356,Legal,7000.0,0.01,0.01,0.05,0.05,6.29,6.3,56.47,56.46,56.46,2.25,2.26,,
5674177487,Closed,10000.0,0.01,0.01,0.12,0.12,15.99,16.0,150.0,150.0,150.0,6.0,6.0,,
5674177620,Legal,22265.0,0.02,0.02,0.12,0.12,71.24,71.25,425.48,425.48,425.48,17.02,17.02,,
5674177638,Lowered Payments,22000.0,0.02,0.02,0.12,0.12,70.41,70.4,472.7,472.69,462.18,18.91,18.49,,PENDING
5674177642,Lowered Payments,12000.0,0.02,0.02,0.1,0.0,33.61,33.6,110.13,110.12,109.12,4.41,4.36,24.0,PENDING
5674177673,Closed,37500.0,0.02,0.02,0.12,0.12,120.0,120.0,1117.5,1117.5,1117.5,44.69,44.7,,
5674177750,Closed,37000.0,0.02,0.02,0.12,0.12,118.4,118.4,1102.6,1102.6,1102.6,44.1,44.1,,
5674177762,Closed,20000.0,0.02,0.02,0.05,0.02,36.0,36.0,491.99,492.0,492.0,19.69,19.68,12.0,
5674177773,Closed,5000.0,0.02,0.02,0.12,0.12,16.0,16.0,150.0,150.0,150.0,5.99,6.0,,
5674177820,Legal,7000.0,0.02,0.02,0.05,0.05,12.59,12.6,105.29,105.29,105.29,4.21,4.21,,
5674177881,Legal,55000.0,0.02,0.02,0.12,0.0,176.0,176.0,270.0,270.0,270.0,10.8,10.8,132.0,
5674178018,Closed,20000.0,0.02,0.02,0.05,0.05,36.0,36.0,608.0,608.0,608.0,24.32,24.32,,
5674178039,Closed,8000.0,0.02,0.02,0.05,0.05,14.4,14.4,243.21,243.2,243.2,9.73,9.73,,
5674178065,Collections,10000.0,0.02,0.02,0.12,0.0,32.0,32.0,171.43,171.43,171.43,6.86,6.86,24.0,
5674178070,Closed,150000.0,0.02,0.02,0.12,0.12,480.0,480.0,4500.0,4500.0,4500.0,180.0,180.0,,
5674178227,Closed,25000.0,0.02,0.02,0.12,0.12,80.0,80.0,749.5,749.5,749.5,29.98,29.98,,
5674178334,Legal,20000.0,0.02,0.02,0.12,0.12,64.01,64.0,58.8,58.8,58.8,2.35,2.35,,
5674178352,Lowered Payments,10000.0,0.02,0.02,0.05,0.0,18.0,18.0,98.93,98.93,97.93,3.96,3.92,10.0,PENDING
5674178448,Bankruptcy,99000.0,0.02,0.02,0.05,0.0,178.2,178.2,197.96,197.96,197.96,7.92,7.92,99.0,
5674178480,Closed,26000.0,0.01,0.01,0.07,0.07,28.6,28.6,384.53,384.54,384.54,15.38,15.38,,
5674178505,Closed,20000.0,0.02,0.02,0.12,0.12,64.0,64.0,588.01,588.0,588.0,23.52,23.52,,
5674178648,Closed,125000.0,0.02,0.02,0.12,0.12,400.0,400.0,3575.0,3575.0,3575.0,143.0,143.0,,
5674178685,Closed,500000.0,0.01,0.01,0.12,0.12,800.0,800.0,7090.89,7090.89,7090.89,283.63,283.64,,
5674178692,Closed,30000.0,0.02,0.02,0.05,0.05,54.0,54.0,870.0,870.0,870.0,34.8,34.8,,
5674178705,Open,75000.0,0.02,0.02,0.12,0.12,240.01,240.0,2173.5,2173.5,2094.75,86.95,83.79,,PENDING
5674178713,Lowered Payments,23000.0,0.01,0.01,0.12,0.12,36.81,36.8,257.93,257.92,251.04,10.31,10.04,,PENDING
5674178798,Closed,22500.0,0.01,0.01,0.12,0.12,35.99,36.0,280.46,280.44,280.44,11.22,11.22,11.69,
5674178801,Open,130000.0,0.01,0.01,0.12,0.12,208.0,208.0,1142.03,1142.03,1142.03,45.68,45.68,,
5674178816,Closed,5000.0,0.01,0.01,0.1,0.1,7.0,7.0,75.99,75.99,75.99,3.04,3.04,,
5674178839,Closed,250000.0,0.01,0.01,0.12,0.12,400.0,400.0,3747.5,3747.5,3747.5,149.9,149.9,,
5674179003,Closed,75000.0,0.01,0.01,0.12,0.04,120.0,120.0,877.5,877.5,877.5,35.1,35.1,60.0,
5674179004,Closed,50000.0,0.01,0.01,0.12,0.04,80.0,80.0,584.99,585.0,585.0,23.4,23.4,40.0,
5674179007,Lowered Payments,50000.0,0.01,0.01,0.12,0.12,80.0,80.0,164.93,164.92,159.92,6.6,6.4,,PENDING
5674179009,Open,50000.0,0.01,0.01,0.12,0.12,80.0,80.0,480.83,480.82,464.24,19.24,18.57,,PENDING
5674179022,Closed,30000.0,0.01,0.01,0.07,0.07,33.0,33.0,449.7,449.7,449.7,17.99,17.99,,
5674179142,Lowered Payments,170000.0,0.02,0.02,0.05,0.05,306.0,306.0,886.99,887.0,887.0,35.47,35.48,,
5674179156,Closed,35000.0,0.01,0.01,0.05,0.05,31.51,31.5,474.22,474.22,474.22,18.97,18.97,,
5674179203,Closed,8000.0,0.01,0.01,0.05,0.05,7.19,7.2,116.0,116.0,116.0,4.63,4.64,,
5674179578,Closed,40000.0,0.02,0.02,0.12,0.12,127.99,128.0,1200.0,1200.0,1200.0,48.0,48.0,,
5674179730,Lowered Payments,75000.0,0.01,0.01,0.08,0.08,90.01,90.0,448.51,448.5,438.5,17.94,17.54,,PENDING
5674179784,Closed,50000.0,0.01,0.01,0.05,0.05,45.0,45.0,750.0,750.0,750.0,30.0,30.0,,
5674179802,Closed,40000.0,0.01,0.01,0.05,0.05,36.0,36.0,599.6,599.6,599.6,23.98,23.98,,
5674179815,Open,51000.0,0.01,0.01,0.08,0.08,61.2,61.2,419.33,419.33,398.37,16.77,15.93,,PENDING
5674179828,Settled-Legal,10000.0,0.01,0.01,0.05,0.0,9.0,9.0,45.78,45.78,45.78,1.83,1.83,5.0,
5674179831,SIF-Collections,5000.0,0.01,0.01,0.1,0.0,7.0,7.0,71.95,71.95,71.95,2.87,2.88,5.0,
5674179922,Closed,5000.0,0.01,0.01,0.05,0.05,4.5,4.5,70.0,70.0,70.0,2.79,2.8,,
5674179950,Closed,180000.0,0.01,0.01,0.12,0.12,288.0,288.0,2645.99,2646.0,2646.0,105.84,105.84,,
5674179951,Open,25000.0,0.01,0.01,0.083,0.083,30.75,30.75,216.69,216.69,208.66,8.66,8.35,,PENDING
5674179974,Closed,55000.0,0.01,0.01,0.08,0.08,66.0,66.0,819.51,819.5,819.5,32.78,32.78,,
5674180023,Closed,13500.0,0.01,0.01,0.05,0.05,12.15,12.15,172.79,172.8,172.8,6.91,6.91,,
5674180215,Settled-Legal,35000.0,0.02,0.02,0.05,0.0,63.0,63.0,433.2,433.2,433.2,17.33,17.33,35.0,
5674180466,Closed,19000.0,0.01,0.01,0.12,0.12,30.4,30.4,281.2,281.2,281.2,11.25,11.25,,
5674180601,Closed,7000.0,0.02,0.02,0.05,0.01,12.6,12.6,158.68,158.68,158.68,6.35,6.35,12.36,
5674180638,Lowered Payments,100000.0,0.02,0.02,0.12,0.12,320.0,320.0,1378.13,1378.13,1332.19,55.12,53.29,,PENDING
5674180655,Open,6398.34,0.02,0.02,0.05,0.05,11.52,11.52,154.63,154.62,148.44,6.19,5.94,,PENDING
5674180685,Closed,30000.0,0.01,0.01,0.12,0.12,48.0,48.0,450.0,450.0,450.0,18.0,18.0,,
5674180764,Closed,50000.0,0.01,0.01,0.05,0.05,44.99,45.0,744.99,745.0,745.0,29.8,29.8,,
5674180779,Closed,21000.0,0.02,0.02,0.1,0.1,58.8,58.8,638.4,638.4,638.4,25.54,25.54,,
5674180841,Legal,75000.0,0.02,0.02,0.12,0.0,240.0,240.0,992.72,992.72,992.72,39.71,39.71,180.0,
5674180956,Closed,5000.0,0.01,0.01,0.12,0.12,8.0,8.0,75.0,75.0,75.0,3.01,3.0,,
5674181025,Closed,6433.59,0.01,0.01,0.05,0.05,5.8,5.79,93.29,93.29,93.29,3.74,3.73,,
5674181127,Collections,32500.0,0.01,0.01,0.05,0.0,29.25,29.25,74.09,74.09,74.09,2.96,2.96,16.25,
5674181151,Closed,30000.0,0.01,0.01,0.05,0.02,27.01,27.0,360.0,360.0,360.0,14.4,14.4,9.0,
5674181223,Lowered Payments,145000.0,0.02,0.02,0.12,0.0,464.0,464.0,1918.2,1918.2,1845.7,76.73,73.83,348.0,PENDING
5674181370,Closed,25000.0,0.01,0.01,0.12,0.0,39.99,40.0,367.51,367.5,367.5,14.71,14.7,30.0,
5674181388,Closed,20000.0,0.01,0.01,0.05,0.05,18.0,18.0,280.01,280.0,280.0,11.21,11.2,,
5674181490,Closed,11000.0,0.01,0.01,0.05,0.05,9.9,9.9,170.4,170.39,170.39,6.82,6.82,,
5674181503,Open,9500.0,0.01,0.01,0.05,0.05,8.55,8.55,113.38,113.38,108.08,4.54,4.32,,PENDING
5674181505,Open,25000.0,0.01,0.01,0.083,0.083,30.74,30.75,176.55,176.56,168.53,7.05,6.74,,PENDING
5674181506,Open,40000.0,0.01,0.02,0.12,0.05,64.0,128.0,468.3,936.57,894.0,18.73,35.76,,SPLIT COMM-K-DIFF-NO-J PENDING
5674181566,Collections,35000.0,0.01,0.01,0.12,0.12,56.0,56.0,312.9,312.9,312.9,12.52,12.52,,
5674181674,Settled-Legal,45000.0,0.01,0.01,0.05,0.0,40.5,40.5,433.63,433.63,433.63,17.35,17.35,22.5,
5674181681,Legal,55000.0,0.02,0.02,0.12,0.12,176.0,176.0,274.99,275.0,275.0,11.0,11.0,,
5674181805,Closed,50000.0,0.02,0.02,0.05,0.05,90.0,90.0,1440.0,1440.0,1440.0,57.6,57.6,,
5674181912,Closed,50000.0,0.01,0.01,0.05,0.05,44.99,45.0,750.0,750.0,750.0,30.01,30.0,,
5674181952,Collections,36500.0,0.01,0.01,0.05,0.0,32.86,32.85,0.0,0.0,0.0,0.0,0.0,18.25,
5674182015,Closed,125000.0,0.01,0.01,0.05,0.05,112.49,112.5,1873.75,1873.75,1873.75,74.95,74.95,,
5674182079,Cancelled,45000.0,0,0.01,,0.12,0.0,72.0,0.0,0.0,0.0,0.0,0.0,,SPLIT
5674182085,Closed,40000.0,0.01,0.01,0.11,0.11,60.0,60.0,591.6,591.6,591.6,23.66,23.66,,
5674182131,Open,36000.0,0.01,0.01,0.1,0.1,50.4,50.4,495.9,495.9,495.9,19.83,19.84,,
5674182184,Closed,50000.0,0.01,0.01,0.05,0.05,45.0,45.0,745.0,745.0,745.0,29.79,29.8,,
5674182211,Closed,30000.0,0.01,0.01,0.05,0.05,27.0,27.0,446.99,447.0,447.0,17.88,17.88,,
5674182229,Open,15000.0,0.01,0.01,0.05,0.05,13.5,13.5,135.19,135.19,128.62,5.41,5.14,,PENDING
5674182320,Open,33000.0,0.01,0.01,0.12,0.12,52.8,52.8,494.67,494.67,482.3,19.78,19.29,,PENDING
5674182366,Closed,10000.0,0.01,0.01,0.1,0.1,13.99,14.0,145.91,145.9,145.9,5.83,5.84,,
5674182415,Legal,15000.0,0.01,0.01,0.12,0.12,24.0,24.0,67.5,67.5,67.5,2.7,2.7,,
5674182561,Open,250000.0,0.01,0.01,0.05,0.05,225.0,225.0,1880.0,1880.0,1762.5,75.2,70.5,,PENDING
5674182580,Closed,15000.0,0.01,0.01,0.05,0.05,13.5,13.5,217.5,217.5,217.5,8.7,8.7,,
5674182604,Bankruptcy,150000.0,0.01,0.01,0.09,0.09,195.0,195.0,599.5,599.5,599.5,23.98,23.98,,
5674182670,Open,65000.0,0.01,0.01,0.12,0.12,104.0,104.0,780.33,780.33,740.51,31.21,29.62,,PENDING
5674182735,Open,75000.0,0.02,0.02,0.11,0.11,225.01,225.0,953.33,953.33,905.67,38.14,36.23,,PENDING
5674182772,Closed,250000.0,0.01,0.01,0.1,0.03,350.0,350.0,2999.99,3000.0,3000.0,120.0,120.0,175.0,
5674182820,Closed,10000.0,0.02,0.02,0.1,0.1,28.0,28.0,289.99,290.0,290.0,11.6,11.6,,
5674182967,Lowered Payments,30000.0,0.01,0.01,0.06,0.03,30.01,30.0,138.5,138.49,130.49,5.53,5.22,9.0,PENDING
5674183001,Closed,7000.0,0.02,0.02,0.1,0.1,19.59,19.6,210.0,210.0,210.0,8.4,8.4,,
5674183456,Legal,20000.0,0.01,0.01,0.1,0.0,28.0,28.0,0.0,0.0,0.0,0.0,0.0,20.0,
5674183461,Open,35000.0,0.01,0.01,0.1,0.1,49.0,49.0,313.19,313.19,294.56,12.52,11.78,,PENDING
5674183553,Collections,8000.0,0.01,0.02,0.1,0.0,11.19,22.4,34.21,68.42,68.42,1.37,2.74,16.0,SPLIT
5674183573,Closed,20000.0,0.02,0.02,0.05,0.05,36.0,36.0,599.61,599.6,599.6,23.98,23.98,,
5674183603,Open,21000.0,0.02,0.02,0.1,0.1,58.8,58.8,459.0,459.0,433.5,18.37,17.34,,PENDING
5674183607,Legal,40000.0,0.01,0.01,0.13,0.0,68.0,68.0,163.8,163.8,163.8,6.54,6.55,52.0,
5674183625,Open,45000.0,0.02,0.02,0.12,0.12,144.0,144.0,646.44,646.44,614.94,25.86,24.6,,PENDING
5674183661,Open,25000.0,0.02,0.02,0.12,0.0,80.0,80.0,300.01,300.0,294.0,12.0,11.76,60.0,PENDING
5674183695,Closed,35000.0,0.02,0.02,0.12,0.12,111.99,112.0,1049.31,1049.3,1049.3,41.97,41.97,,
5674183769,Closed,15000.0,0.01,0.01,0.05,0.05,13.5,13.5,215.47,215.47,215.47,8.63,8.62,,
5674183881,Legal,40000.0,0.02,0.02,0.13,0.13,136.0,136.0,280.8,280.8,280.8,11.24,11.23,,
5674183944,Closed,10000.0,0.02,0.02,0.08,0.08,24.0,24.0,304.01,304.0,304.0,12.17,12.16,,
5674184038,Lowered Payments,24000.0,0.01,0.01,0.12,0.12,38.41,38.4,97.85,97.85,92.71,3.92,3.71,,PENDING
5674184096,Open,50000.0,0.02,0.02,0.05,0.0,90.01,90.0,817.5,817.5,642.33,32.7,25.69,50.0,PENDING
5674184115,Open,50000.0,0.01,0.01,0.083,0.083,61.49,61.5,272.77,272.77,256.73,10.9,10.27,,PENDING
5674184294,Closed,150000.0,0.02,0.02,0.12,0.12,480.0,480.0,4377.0,4377.0,4377.0,175.08,175.08,,
5674184377,Closed,30000.0,0.02,0.02,0.1,0.1,84.01,84.0,881.4,881.4,881.4,35.25,35.26,,
5674184420,Lowered Payments,175000.0,0.01,0.01,0.12,0.02,280.0,280.0,534.55,534.55,514.55,21.38,20.58,175.0,PENDING
5674184531,Closed,30000.0,0.01,0.01,0.05,0.05,27.0,27.0,345.01,345.0,345.0,13.8,13.8,16.8,
5674184544,Open,30000.0,0.01,0.01,0.12,0.12,47.99,48.0,273.75,273.75,255.5,10.95,10.22,,PENDING
5674184548,Lowered Payments,100000.0,0.01,0.01,0.12,0.12,160.0,160.0,469.75,469.75,448.65,18.78,17.95,,PENDING
5674184550,Lowered Payments,100000.0,0.01,0.01,0.12,0.12,160.0,160.0,304.33,304.32,283.22,12.18,11.33,,PENDING
5674184556,Closed,20000.0,0.01,0.01,0.05,0.02,18.0,18.0,240.01,240.0,240.0,9.6,9.6,6.0,
5674184570,Closed,10500.0,0.01,0.01,0.05,0.01,9.44,9.45,120.31,120.3,120.3,4.81,4.81,4.2,
5674184601,Lowered Payments,40000.0,0.01,0.01,0.1,0.1,56.0,56.0,141.67,141.66,136.66,5.67,5.47,,PENDING
5674184691,Open,250000.0,0.01,0.01,0.035,0.035,187.5,187.5,1181.24,1181.25,1012.5,47.24,40.5,,PENDING
5674184717,Legal,40000.0,0.01,0.01,0.12,0.12,63.99,64.0,131.94,131.94,131.94,5.28,5.28,,
5674184722,Closed,275000.0,0.01,0.01,0.12,0.12,440.0,440.0,3762.25,3762.25,3762.25,150.49,150.49,,
5674184751,Open,40000.0,0.01,0.01,0.05,0.05,36.01,36.0,495.0,495.0,465.0,19.81,18.6,,PENDING
5674184759,Open,16156.27,0.01,0.01,0.05,0.05,14.54,14.54,110.23,110.24,103.35,4.42,4.13,,PENDING
5674184784,Lowered Payments,72500.0,0.01,0.01,0.12,0.12,116.0,116.0,389.29,389.29,383.54,15.58,15.34,,PENDING
5674184787,Collections,15000.0,0.01,0.01,0.12,0.12,24.0,24.0,65.02,65.02,65.02,2.6,2.6,,
5674184793,Open,15000.0,0.01,0.01,0.05,0.05,13.5,13.5,115.9,115.89,107.95,4.63,4.32,,PENDING
5674184905,Open,20000.0,0.02,0.02,0.12,0.12,64.0,64.0,354.0,354.0,330.0,14.16,13.2,,PENDING
5674184921,Open,30000.0,0.01,0.01,0.08,0.08,36.0,36.0,239.08,239.08,222.0,9.56,8.88,,PENDING
5674185090,Open,13000.0,0.01,0.01,0.12,0.12,20.8,20.8,151.9,151.9,141.05,6.07,5.64,,PENDING
5674185152,Closed,200000.0,0.01,0.01,0.05,0.05,179.99,180.0,2980.0,2980.0,2980.0,119.2,119.2,,
5674185175,Open,110000.0,0.01,0.01,0.05,0.05,99.0,99.0,655.69,655.69,619.26,26.23,24.77,,PENDING
5674185249,Closed,20000.0,0.01,0.01,0.05,0.01,17.99,18.0,231.99,232.0,232.0,9.28,9.28,8.0,
5674185287,Legal,25000.0,0.01,0.01,0.1,0.0,35.01,35.0,0.0,0.0,0.0,-0.01,0.0,25.0,
5674185435,Open,25000.0,0.01,0.01,0.1,0.1,35.0,35.0,341.53,341.53,322.53,13.66,12.9,,PENDING
5674185457,Open,100000.0,0.01,0.01,0.12,0.12,160.0,160.0,712.5,712.5,650.0,28.51,26.0,,PENDING
5674185559,Closed,35000.0,0.01,0.01,0.05,0.02,31.5,31.5,439.08,439.08,439.08,17.56,17.56,10.5,
5674185610,Closed,16000.0,0.01,0.01,0.1,0.02,22.4,22.4,180.02,180.03,180.03,7.21,7.2,12.8,
5674185633,Open,30000.0,0.01,0.01,0.08,0.08,36.0,36.0,136.49,136.5,126.0,5.47,5.04,,PENDING
5674185651,Open,400000.0,0.01,0.01,0.05,0.05,360.01,360.0,2569.8,2569.8,2141.5,102.79,85.66,,PENDING
5674185784,Open,150000.0,0.01,0.01,0.12,0.12,240.0,240.0,416.0,416.0,390.0,16.64,15.6,,PENDING
5674185787,Open,36000.0,0.01,0.01,0.05,0.05,32.4,32.4,352.77,352.77,323.37,14.1,12.93,,PENDING
5674185791,Open,10000.0,0.01,0.01,0.12,0.12,16.0,16.0,75.0,75.0,68.75,3.0,2.75,,PENDING
5674185804,SIF-Collections,30000.0,0.01,0.01,0.05,0.02,27.0,27.0,322.5,322.5,322.5,12.9,12.9,9.0,
5674185848,Bankruptcy,105000.0,0.01,0.01,0.11,0.01,157.5,157.5,110.23,110.25,110.25,4.41,4.41,105.0,
5674185921,Legal,50000.0,0.01,0.01,0.12,0.0,79.99,80.0,75.0,75.0,75.0,3.0,3.0,60.0,
5674185922,Legal,30000.0,0.01,0.01,0.12,0.0,48.0,48.0,95.99,96.0,96.0,3.84,3.84,36.0,
5674185959,Open,100000.0,0.01,0.01,0.06,0.06,100.01,100.0,621.43,621.43,569.64,24.86,22.79,,PENDING
5674185963,Legal,10000.0,0.01,0.01,0.1,0.1,14.0,14.0,85.65,85.66,85.66,3.43,3.43,,
5674185966,Open,16017.0,0.01,0.01,0.05,0.05,14.41,14.42,73.85,73.86,67.27,2.96,2.69,,PENDING
5674185981,Open,75000.0,0.01,0.01,0.12,0.12,119.99,120.0,479.89,479.88,439.89,19.19,17.6,,PENDING
5674186082,Closed,30000.0,0.01,0.01,0.12,0.1,48.01,48.0,405.0,405.0,405.0,16.2,16.2,6.0,
5674186083,Open,50000.0,0.01,0.01,0.1,0.1,69.99,70.0,235.55,235.55,219.49,9.43,8.78,,PENDING
5674186104,Closed,160000.0,0.01,0.01,0.075,0.075,184.0,184.0,1888.01,1888.0,1888.0,75.53,75.52,89.12,
5674186105,Open,22000.0,0.01,0.01,0.12,0.12,35.2,35.2,162.25,162.25,148.5,6.49,5.94,,PENDING
5674186192,Open,50000.0,0.01,0.01,0.08,0.08,59.99,60.0,210.0,210.0,192.5,8.4,7.7,,PENDING
5674186193,Open,50000.0,0.01,0.01,0.1,0.1,70.01,70.0,222.98,222.97,202.7,8.91,8.11,,PENDING
5674186221,Open,200000.0,0.01,0.01,0.12,0.12,320.0,320.0,1263.11,1263.11,1154.22,50.52,46.17,,PENDING
5674186237,Closed,153000.0,0.01,0.01,0.12,0.12,244.8,244.8,2065.5,2065.5,2065.5,82.62,82.62,,
5674186244,Open,80000.0,0.01,0.01,0.12,0.12,128.0,128.0,329.78,329.78,299.8,13.19,11.99,,PENDING
5674186245,Closed,50000.0,0.01,0.01,0.05,0.02,44.99,45.0,550.0,550.0,550.0,22.0,22.0,45.0,
5674186280,Open,6000.0,0.01,0.01,0.05,0.05,5.4,5.4,42.74,42.75,41.62,1.71,1.67,,PENDING
5674186355,Legal,125000.0,0.01,0.01,0.12,0.0,200.0,200.0,73.4,73.4,73.4,2.93,2.94,150.0,
5674186368,Open,350000.0,0.01,0.01,0.12,0.12,560.0,560.0,3273.54,3273.53,2964.71,130.93,118.59,,PENDING
5674186369,Legal,15000.0,0.01,0.01,0.1,0.0,20.99,21.0,11.4,11.4,11.4,0.46,0.46,15.0,
5674186435,Lowered Payments,51583.0,0.01,0.01,0.1,0.1,72.21,72.21,235.28,235.28,220.28,9.41,8.81,,PENDING
5674186485,Lowered Payments,21000.0,0.01,0.01,0.12,0.12,33.6,33.6,92.46,92.46,83.4,3.7,3.34,,PENDING
5674186529,Open,90000.0,0.01,0.01,0.12,0.12,144.0,144.0,735.0,735.0,660.0,29.41,26.4,,PENDING
5674186535,Lowered Payments,9000.0,0.01,0.01,0.07,0.07,9.9,9.9,49.4,49.4,46.9,1.97,1.88,,PENDING
5674186648,Open,80000.0,0.01,0.01,0.081,0.081,96.81,96.8,255.81,255.82,230.24,10.24,9.21,,PENDING
5674187438,Open,50000.0,0.01,0.01,0.081,0.081,60.51,60.5,127.91,127.91,111.92,5.12,4.48,,PENDING
5674187456,Closed,125000.0,0.01,0.01,0.1,0.1,174.99,175.0,1562.49,1562.5,1562.5,62.5,62.5,,
5674187480,Closed,5000.0,0.01,0.01,0.05,0.05,4.5,4.5,76.0,76.0,76.0,3.05,3.04,,
5674187514,Open,35000.0,0.01,0.01,0.1,0.1,49.0,49.0,239.01,239.01,209.86,9.55,8.39,,PENDING
5674187538,Open,60000.0,0.01,0.01,0.12,0.12,96.01,96.0,387.01,387.0,342.0,15.47,13.68,,PENDING
5674187543,Open,20000.0,0.01,0.01,0.12,0.12,32.0,32.0,299.79,299.8,290.43,11.99,11.62,,PENDING
5674187620,Open,75000.0,0.01,0.01,0.12,0.12,119.99,120.0,306.65,306.66,306.66,12.26,12.27,,
5674187621,Open,75000.0,0.01,0.01,0.12,0.12,119.99,120.0,357.78,357.77,357.77,14.31,14.31,,
5674187631,Closed,10000.0,0.01,0.01,0.05,0.05,8.99,9.0,150.0,150.0,150.0,6.01,6.0,,
5674187659,Open,65000.0,0.01,0.01,0.12,0.12,104.01,104.0,159.25,159.25,139.35,6.37,5.57,,PENDING
5674187663,Open,42500.0,0.01,0.01,0.12,0.12,67.99,68.0,208.25,208.25,182.22,8.33,7.29,,PENDING
5674187666,Lowered Payments,40000.0,0.01,0.01,0.05,0.05,36.0,36.0,42.13,42.13,21.14,1.68,0.85,,PENDING
5674187683,Open,15000.0,0.01,0.01,0.1,0.1,20.99,21.0,113.99,114.0,99.75,4.55,3.99,,PENDING
5674187793,Open,20000.0,0.01,0.01,0.1,0.1,27.99,28.0,74.49,74.5,62.08,2.98,2.48,,PENDING
5674188045,Closed,275000.0,0.01,0.01,0.08,0.08,330.01,330.0,3616.44,3616.44,3616.44,144.66,144.66,,
5674188179,Open,20000.0,0.01,0.01,0.05,0.05,18.0,18.0,104.31,104.3,89.4,4.17,3.58,,PENDING
5674188274,Open,50000.0,0.01,0.01,0.12,0.12,80.0,80.0,230.99,231.0,196.0,9.24,7.84,,PENDING
5674188310,Open,12500.0,0.01,0.01,0.07,0.07,13.75,13.75,25.01,25.0,20.0,1.0,0.8,,PENDING
5674188317,Closed,10000.0,0.01,0.01,0.05,0.05,8.99,9.0,152.0,152.0,152.0,6.07,6.08,,
5674188324,Open,50000.0,0.01,0.01,0.12,0.12,80.01,80.0,172.5,172.5,143.75,6.9,5.75,,PENDING
5674188350,EPA/LOC,200000.0,0.01,0.01,0.12,0.12,320.0,320.0,2490.0,2490.0,2490.0,99.61,99.6,,
5674188351,Open,200000.0,0.01,0.01,0.12,0.12,320.0,320.0,809.2,809.2,690.2,32.38,27.61,,PENDING
5674188378,Open,40000.0,0.01,0.01,0.12,0.12,64.0,64.0,192.0,192.0,162.0,7.68,6.48,,PENDING
5674188393,Open,15000.0,0.01,0.01,0.05,0.05,13.5,13.5,31.04,31.04,24.83,1.24,0.99,,PENDING
5674188401,Open,50000.0,0.01,0.01,0.05,0.05,45.01,45.0,166.93,166.92,140.0,6.68,5.6,,PENDING
5674188402,Open,200000.0,0.01,0.01,0.12,0.12,320.0,320.0,413.88,413.89,380.78,16.56,15.23,,PENDING
5674188459,Open,10000.0,0.01,0.01,0.05,0.05,9.0,9.0,70.0,70.0,57.5,2.8,2.3,,PENDING
5674188469,Open,30000.0,0.02,0.02,0.12,0.12,96.0,96.0,112.51,112.5,75.0,4.5,3.0,,PENDING
5674188893,Open,42000.0,0.01,0.01,0.05,0.05,37.8,33.6,107.93,107.92,86.34,4.32,2.59,,PENDING
5674189436,Open,380000.0,0.01,0.01,0.12,0.12,607.99,570.0,650.0,650.0,487.5,26.01,14.62,,PENDING
5674189682,Open,32000.0,0.01,0.01,0.12,0.12,51.19,48.0,55.71,55.72,35.82,2.23,1.07,,PENDING
5674189693,Open,30000.0,0.01,0.01,0.12,0.12,48.0,45.0,79.41,79.41,52.94,3.18,1.59,,PENDING
5674189778,Open,100000.0,0.01,0.01,0.12,0.12,160.01,150.0,117.63,117.63,78.42,4.71,2.35,,PENDING
5674189814,Open,15000.0,0.01,0.01,0.1,0.1,20.99,19.5,44.99,45.0,30.0,1.8,0.9,,PENDING
5674189817,Open,20000.0,0.01,0.01,0.05,0.05,17.99,16.0,58.0,58.0,39.88,2.32,1.2,,PENDING
5674189907,Open,15000.0,0.01,0.01,0.05,0.05,13.49,12.0,18.39,18.39,11.82,0.73,0.35,,PENDING
5674189938,Open,20000.0,0.01,0.01,0.05,0.05,18.0,16.0,45.88,45.88,28.24,1.84,0.85,,PENDING
5674190031,Open,30000.0,0.01,0.01,0.05,0.05,27.01,24.0,44.99,45.0,30.0,1.8,0.9,,PENDING
5674190088,Open,22000.0,0.01,0.01,0.1,0.1,30.8,28.6,49.5,49.5,28.88,1.97,0.87,,PENDING
5674190125,Open,30000.0,0.01,0.01,0.05,0.05,27.01,24.0,36.25,36.25,18.12,1.45,0.54,,PENDING
5674190223,Open,21000.0,0.01,0.01,0.05,0.05,18.9,16.8,37.0,37.0,12.33,1.49,0.37,,PENDING
5674190231,Open,50000.0,0.01,0.01,0.05,0.05,45.0,40.0,96.67,96.67,48.33,3.87,1.45,,PENDING
5674190251,Open,9000.0,0.01,0.01,0.05,0.05,8.09,6.3,6.75,6.75,3.38,0.27,0.1,,PENDING
5674190471,Open,20000.0,0.01,0.01,0.05,0.05,18.0,16.0,14.5,14.5,0.0,0.58,0.0,,PENDING
5674190484,Open,25000.0,0.01,0.01,0.05,0.05,22.5,20.0,15.0,15.0,0.0,0.61,0.0,,PENDING
5674190641,Open,45000.0,0.01,0.01,0.12,0.12,72.0,67.5,41.5,41.5,17.5,1.66,0.53,,PENDING
5674190661,Open,20000.0,0.01,0.01,0.1,0.1,28.0,26.0,27.65,27.64,0.0,1.1,0.0,,PENDING
5674190804,Open,30000.0,0.01,0.01,0.08,0.088,36.0,35.4,0.0,0.0,0.0,0.0,0.0,,COMM-K-DIFF-NO-J
5674190873,Open,20000.0,0.01,0.01,0.05,0.05,18.0,16.0,0.0,0.0,0.0,0.0,0.0,,
5674190891,Open,10000.0,0.01,0.01,0.05,0.05,9.0,8.0,0.0,0.0,0.0,0.0,0.0,,
5674190918,Open,260000.0,0.01,0.01,0.12,0.12,415.99,390.0,0.0,0.0,0.0,0.0,0.0,,
5674171418,Closed,165000.0,0.01,0.01,0.12,0.12,264.0,264.0,2475.0,2475.0,2475.0,99.0,99.0,,
5674171435,Legal,12000.0,0.01,0.01,0.05,0.05,10.8,10.8,70.6,70.6,70.6,2.82,2.82,,
5674171574,Closed,12000.0,0.01,0.01,0.05,0.05,10.8,10.8,182.4,182.4,182.4,7.3,7.3,,
5674171669,Closed,50000.0,0.01,0.01,0.12,0.12,80.0,80.0,735.0,735.0,735.0,29.4,29.4,,
5674171681,Open,100000.0,0.01,0.01,0.02,0.02,60.0,60.0,1320.0,1320.0,1316.35,52.8,52.65,,PENDING
5674172505,Closed,120000.0,0.01,0.01,0.12,0.0,192.0,192.0,1800.0,1800.0,1800.0,72.0,72.0,144.0,
5674172507,Closed,30000.0,0.01,0.01,0.05,0.05,27.0,27.0,449.7,449.7,449.7,17.98,17.99,,
5674172620,Closed,77000.0,0.01,0.01,0.05,0.05,69.3,69.3,1147.3,1147.3,1147.3,45.9,45.89,,
5674172641,Closed,125000.0,0.01,0.01,0.04,0.04,100.0,100.0,1662.5,1662.5,1662.5,66.5,66.5,,
5674172681,Lowered Payments,75000.0,0.01,0.01,0.04,0.04,60.0,60.0,603.26,603.25,593.67,24.14,23.75,,PENDING
5674172686,Settled-Legal,82500.0,0.01,0.01,0.12,0.0,132.0,132.0,1105.3,1105.3,1105.3,44.22,44.21,99.0,
5674172724,Closed,79000.0,0.01,0.01,0.05,0.05,71.1,71.1,1027.0,1027.0,1027.0,41.08,41.08,,
5674172741,Closed,45000.0,0.01,0.01,0.12,0.12,72.0,72.0,652.5,652.5,652.5,26.1,26.1,,
5674172777,Closed,700000.0,0.01,0.01,0.04,0.04,560.0,560.0,9450.0,9450.0,9450.0,378.0,378.0,,
5674172841,Closed,23000.0,0.01,0.01,0.12,0.12,36.8,36.8,344.78,344.77,344.77,13.8,13.79,,
5674173009,Legal,40000.0,0.01,0.01,0.12,0.12,64.0,64.0,322.5,322.5,322.5,12.9,12.9,,
5674173025,Closed,50000.0,0.01,0.01,0.1,0.02,70.0,70.0,530.37,530.35,530.35,21.22,21.21,75.11,
5674173051,Closed,17500.0,0.01,0.01,0.05,0.01,15.76,15.75,201.26,201.25,201.25,8.06,8.05,7.0,
5674173161,Closed,30000.0,0.01,0.01,0.05,0.05,27.0,27.0,405.0,405.0,405.0,16.2,16.2,,
5674173162,Closed,32000.0,0.01,0.01,0.05,0.05,28.8,28.8,416.0,416.0,416.0,16.64,16.64,,
5674173171,Closed,55000.0,0.01,0.01,0.12,0.12,88.0,88.0,836.0,836.0,836.0,33.44,33.44,66.0,
5674173200,Closed,17000.0,0.01,0.01,0.12,0.12,27.2,27.2,255.0,255.0,255.0,10.2,10.2,,
5674173266,Bankruptcy,78000.0,0.01,0.01,0.05,0.05,70.2,70.2,301.2,301.21,301.21,12.04,12.05,,
5674173303,Debt Settlement,50000.0,0.01,0.01,0.1,0.1,70.0,70.0,513.7,513.69,513.69,20.54,20.55,,
5674173312,Lowered Payments,125000.0,0.01,0.01,0.1,0.1,175.0,175.0,940.7,940.69,936.69,37.62,37.47,,PENDING
5674173375,Lowered Payments,17000.0,0.01,0.01,0.05,0.0,15.3,15.3,189.18,189.17,184.17,7.56,7.37,8.5,PENDING
5674173442,Bankruptcy,100000.0,0.01,0.01,0.05,0.05,90.0,90.0,1154.3,1154.3,1154.3,46.18,46.17,,
5674173493,Closed,118000.0,0.01,0.01,0.05,0.03,106.2,106.2,1357.0,1357.0,1357.0,54.28,54.28,82.6,
5674173546,Closed,20000.0,0.01,0.01,0.08,0.08,24.0,24.0,304.0,304.0,304.0,12.16,12.16,,
5674173632,Closed,50000.0,0.01,0.01,0.12,0.12,80.0,80.0,725.0,725.0,725.0,29.0,29.0,,
5674173635,Closed,25000.0,0.01,0.01,0.12,0.12,40.0,40.0,362.5,362.5,362.5,14.5,14.5,,
5674173738,SIF-Collections,82500.0,0.01,0.01,0.12,0.12,132.0,132.0,1100.18,1100.17,1100.17,44.0,44.01,,
5674173778,Closed,30000.0,0.01,0.01,0.09,0.09,39.0,39.0,449.7,449.7,449.7,17.98,17.99,,
5674173788,Open,15000.0,0.01,0.01,0.12,0.12,24.0,24.0,220.5,220.5,218.5,8.82,8.74,,PENDING
5674173891,Lowered Payments,300000.0,0.01,0.01,0.02,0.02,180.0,180.0,2011.56,2011.55,1991.55,80.46,79.66,,PENDING
5674173980,Lowered Payments,40000.0,0.01,0.01,0.12,0.0,64.0,64.0,421.5,421.5,406.5,16.86,16.26,48.0,PENDING
5674173998,Closed,10000.0,0.01,0.01,0.08,0.08,12.0,12.0,152.0,152.0,152.0,6.08,6.08,,
5674174009,Legal,12000.0,0.01,0.01,0.1,0.0,16.8,16.8,67.5,67.5,67.5,2.7,2.7,12.0,
5674174017,Legal,21500.0,0.01,0.01,0.05,0.05,19.34,19.35,50.2,50.19,50.19,2.0,2.01,,
5674174073,Legal,30000.0,0.01,0.01,0.08,0.08,36.0,36.0,336.4,336.4,336.4,13.46,13.46,,
5674174279,Closed,12000.0,0.01,0.01,0.1,0.05,16.8,16.8,162.0,162.0,162.0,6.48,6.48,6.0,
5674174307,Legal,35000.0,0.01,0.01,0.12,0.0,56.0,56.0,137.54,137.53,137.53,5.5,5.5,42.0,
5674174317,Closed,75000.0,0.01,0.01,0.1,0.1,105.0,105.0,1087.5,1087.5,1087.5,43.5,43.5,,
5674174343,Lowered Payments,38500.0,0.01,0.01,0.1,0.1,53.9,53.9,229.92,229.91,226.85,9.2,9.07,,PENDING
5674174425,Closed,10000.0,0.01,0.01,0.12,0.12,16.0,16.0,150.0,150.0,150.0,6.0,6.0,,
5674174432,Legal,34000.0,0.01,0.01,0.12,0.0,54.4,54.4,93.76,93.75,93.75,3.75,3.75,40.8,
5674174441,Closed,15000.0,0.01,0.01,0.05,0.05,13.5,13.5,217.5,217.5,217.5,8.7,8.7,,
5674174470,Lowered Payments,10000.0,0.01,0.01,0.075,0.075,11.5,11.5,74.76,74.75,74.25,3.0,2.97,,PENDING
5674174559,Closed,48500.0,0.01,0.01,0.096,0.012,65.96,65.96,514.1,514.1,514.1,20.57,20.56,73.72,
5674174617,Closed,80000.0,0.01,0.01,0.05,0.05,72.0,72.0,1080.0,1080.0,1080.0,43.2,43.2,,
